M,a,r,c,h, ,1,3,",", ,2,0,2,3
h,t,t,p,s,:,/,/,w,w,w,.,g,r,e,e,n,b,e,l,t,m,d,.,g,o,v,/,h,o,m,e,/,s,h,o,w,p,u,b,l,i,s,h,e,d,d,o,c,u,m,e,n,t,/,2,0,6,2,5,/,6,3,8,1,4,4,1,0,1,8,7,9,4,7,0,0,0,0
M,a,r,c,h, ,6,",", ,2,0,2,3
h,t,t,p,s,:,/,/,w,w,w,.,g,r,e,e,n,b,e,l,t,m,d,.,g,o,v,/,h,o,m,e,/,s,h,o,w,p,u,b,l,i,s,h,e,d,d,o,c,u,m,e,n,t,/,2,0,6,2,3,/,6,3,8,1,4,4,1,0,1,7,0,0,0,7,0,0,0,0
F,e,b,r,u,a,r,y, ,2,7,",", ,2,0,2,3
h,t,t,p,s,:,/,/,w,w,w,.,g,r,e,e,n,b,e,l,t,m,d,.,g,o,v,/,h,o,m,e,/,s,h,o,w,p,u,b,l,i,s,h,e,d,d,o,c,u,m,e,n,t,/,2,0,5,8,3,/,6,3,8,1,3,2,7,2,2,7,4,8,9,3,0,0,0,0
F,e,b,r,u,a,r,y, ,2,0,",", ,2,0,2,3
h,t,t,p,s,:,/,/,w,w,w,.,g,r,e,e,n,b,e,l,t,m,d,.,g,o,v,/,h,o,m,e,/,s,h,o,w,p,u,b,l,i,s,h,e,d,d,o,c,u,m,e,n,t,/,2,0,5,0,9,/,6,3,8,1,2,7,5,6,8,7,0,2,9,3,0,0,0,0
F,e,b,r,u,a,r,y, ,1,3,",", ,2,0,2,3
h,t,t,p,s,:,/,/,w,w,w,.,g,r,e,e,n,b,e,l,t,m,d,.,g,o,v,/,h,o,m,e,/,s,h,o,w,p,u,b,l,i,s,h,e,d,d,o,c,u,m,e,n,t,/,2,0,4,7,3,/,6,3,8,1,2,0,6,1,8,1,8,8,3,7,0,0,0,0
F,e,b,r,u,a,r,y, ,6,",", ,2,0,2,3
h,t,t,p,s,:,/,/,w,w,w,.,g,r,e,e,n,b,e,l,t,m,d,.,g,o,v,/,h,o,m,e,/,s,h,o,w,p,u,b,l,i,s,h,e,d,d,o,c,u,m,e,n,t,/,2,0,4,7,1,/,6,3,8,1,2,0,6,1,7,7,7,3,0,3,0,0,0,0
J,a,n,u,a,r,y, ,3,0,",", ,2,0,2,3
h,t,t,p,s,:,/,/,w,w,w,.,g,r,e,e,n,b,e,l,t,m,d,.,g,o,v,/,h,o,m,e,/,s,h,o,w,p,u,b,l,i,s,h,e,d,d,o,c,u,m,e,n,t,/,2,0,4,6,9,/,6,3,8,1,2,0,6,1,7,5,1,8,5,0,0,0,0,0
J,a,n,u,a,r,y, ,2,3,",", ,2,0,2,3
h,t,t,p,s,:,/,/,w,w,w,.,g,r,e,e,n,b,e,l,t,m,d,.,g,o,v,/,h,o,m,e,/,s,h,o,w,p,u,b,l,i,s,h,e,d,d,o,c,u,m,e,n,t,/,2,0,3,7,7,/,6,3,8,1,0,1,6,5,4,0,3,3,1,7,0,0,0,0
J,a,n,u,a,r,y, ,1,6,",", ,2,0,2,3
h,t,t,p,s,:,/,/,w,w,w,.,g,r,e,e,n,b,e,l,t,m,d,.,g,o,v,/,h,o,m,e,/,s,h,o,w,p,u,b,l,i,s,h,e,d,d,o,c,u,m,e,n,t,/,2,0,2,9,9,/,6,3,8,0,9,5,6,0,0,8,1,8,0,7,0,0,0,0
J,a,n,u,a,r,y, ,9,",", ,2,0,2,3
h,t,t,p,s,:,/,/,w,w,w,.,g,r,e,e,n,b,e,l,t,m,d,.,g,o,v,/,h,o,m,e,/,s,h,o,w,p,u,b,l,i,s,h,e,d,d,o,c,u,m,e,n,t,/,2,0,2,7,7,/,6,3,8,0,8,9,6,6,4,6,1,6,3,3,0,0,0,0
J,a,n,u,a,r,y, ,2,",", ,2,0,2,3
h,t,t,p,s,:,/,/,w,w,w,.,g,r,e,e,n,b,e,l,t,m,d,.,g,o,v,/,h,o,m,e,/,s,h,o,w,p,u,b,l,i,s,h,e,d,d,o,c,u,m,e,n,t,/,2,0,2,5,9,/,6,3,8,0,8,3,5,7,9,2,2,1,0,7,0,0,0,0
